이름,나이,거주지
김지수,27,안산
홍길동,30,서울
강감찬,25,인천
김지수,27,안산
홍길동,30,서울
강감찬,25,인천
김지수,27,안산
홍길동,30,서울
강감찬,25,인천
김지수,27,안산
홍길동,30,서울
강감찬,25,인천
김지수,27,안산
홍길동,30,서울
강감찬,25,인천
김지수,27,안산
홍길동,30,서울
강감찬,25,인천
김지수,27,안산
홍길동,30,서울
강감찬,25,인천
김지수,27,안산
홍길동,30,서울
강감찬,25,인천
김지수,27,안산
홍길동,30,서울
강감찬,25,인천
김지수,27,안산
홍길동,30,서울
강감찬,25,인천
김지수,27,안산
홍길동,30,서울
강감찬,25,인천
김지수,27,안산
홍길동,30,서울
강감찬,25,인천
김지수,27,안산
홍길동,30,서울
강감찬,25,인천
김지수,27,안산
홍길동,30,서울
강감찬,25,인천
김지수,27,안산
홍길동,30,서울
강감찬,25,인천
김지수,27,안산
홍길동,30,서울
강감찬,25,인천
김지수,27,안산
홍길동,30,서울
강감찬,25,인천
김지수,27,안산
홍길동,30,서울
강감찬,25,인천
김지수,27,안산
홍길동,30,서울
강감찬,25,인천
김지수,27,안산
홍길동,30,서울
강감찬,25,인천
김지수,27,안산
홍길동,30,서울
강감찬,25,인천
김지수,27,안산
홍길동,30,서울
강감찬,25,인천
김지수,27,안산
홍길동,30,서울
강감찬,25,인천
김지수,27,안산
홍길동,30,서울
강감찬,25,인천
김지수,27,안산
홍길동,30,서울
강감찬,25,인천
김지수,27,안산
홍길동,30,서울
강감찬,25,인천
김지수,27,안산
홍길동,30,서울
강감찬,25,인천
김지수,27,안산
홍길동,30,서울
강감찬,25,인천
김지수,27,안산
홍길동,30,서울
강감찬,25,인천
김지수,27,안산
홍길동,30,서울
강감찬,25,인천
김지수,27,안산
홍길동,30,서울
강감찬,25,인천
김지수,27,안산
홍길동,30,서울
강감찬,25,인천
김지수,27,안산
홍길동,30,서울
강감찬,25,인천
김지수,27,안산
,30,서울
,25,인천
,27,안산